<?xml version = "1.0" encoding = "UTF-8"?>
<beans xmlns="http://www.springframework.org/schema/beans"
	xmlns:xsi="http://www.w3.org/2001/XMLSchema-instance"
	xsi:schemaLocation="http://www.springframework.org/schema/beans
http://www.springframework.org/schema/beans/spring-beans.xsd">
	<!-- configura la factura de spring para construir objetos de FacturaIva -->
	<bean id="empleado1" class="udb.net.mod1.spring.EmpleadoServicio">
		<property name="nombre" value="Salvador" />
		<property name="apelllido" value="Castillo"/>
		<property name="salario" value="200.00"/>
	</bean>
	
	<bean id="empleado2" class="udb.net.mod1.spring.EmpleadoComerciante">
		<property name="nombre" value="Miguel" />
		<property name="apelllido" value="Perez"/>
		<property name="salario" value="400.00"/>
	</bean>
	
</beans>
